width,p,r,runtime
1168,1,1,0.0373858
1168,1,1,0.0371274
1168,1,1,0.037111
1168,2,2,0.0742026
1168,2,2,0.0742026
1168,2,2,0.0741978
1168,4,4,0.148389
1168,4,4,0.148378
1168,4,4,0.148403
1168,8,8,0.296766
1168,8,8,0.296731
1168,8,8,0.29675
1168,16,16,0.593742
1168,16,16,0.593528
1168,16,16,0.593507
1168,24,24,0.890424
1168,24,24,0.890232
1168,24,24,0.89022
1168,32,32,1.18692
1168,32,32,1.18725
1168,32,32,1.18721
